route_short_name,period,n_observations,n_with_status,n_with_percentage,mean_percentage,p90_percentage,n_crowded,mean_pax_raw,mean_pax_calibrated,p90_pax_calibrated,calibrated,crowded_share_pct,n_empty,n_many_seats,n_few_seats,n_standing,n_crushed,n_full,n_no_data
35,midday,74831.0,74831.0,47698.0,27.2,454.0,2873.0,27.7,19.1,27.0,True,3.839317929735003,0,72077,1065,1130,219,340,0
26,midday,71252.0,71252.0,41108.0,27.4,400.0,2835.0,33.0,19.5,21.0,True,3.978835681805423,0,68663,1745,708,32,104,0
1,midday,65283.0,65283.0,51563.0,36.5,702.0,9249.0,44.2,20.9,42.0,True,14.16754744726805,0,56186,5196,2467,139,1295,0
101,midday,64790.0,64790.0,47980.0,34.3,560.0,6405.0,28.1,19.5,42.0,True,9.885784843340021,0,58385,3639,2014,170,582,0
107,midday,64681.0,64681.0,41394.0,28.8,440.0,3150.0,20.0,17.3,42.0,True,4.870054575532228,0,61531,2041,1109,0,0,0
42,midday,63696.0,63696.0,39457.0,28.1,400.0,2009.0,30.3,19.2,21.0,True,3.154044209997488,0,61753,879,653,63,348,0
5,midday,62914.0,62914.0,35655.0,24.9,400.0,1188.0,25.9,18.7,21.0,True,1.8882919540960676,0,61741,709,320,108,36,0
109,midday,62021.0,62021.0,42773.0,30.9,480.0,3815.0,22.1,19.8,42.0,True,6.151142355008787,0,58206,2098,1671,46,0,0
42,late_night,55544.0,55544.0,31499.0,31.2,520.0,4820.0,38.7,22.3,39.0,False,8.677804983436555,0,50766,1349,2721,484,224,0
3,midday,55274.0,55274.0,40615.0,30.6,460.0,2782.0,22.4,19.0,42.0,True,5.033107790281145,0,52492,2194,588,0,0,0
2,midday,54477.0,54477.0,41493.0,42.3,820.0,11130.0,45.8,22.1,42.0,True,20.43064045376948,0,43461,3761,4367,686,2202,0
110,midday,54469.0,54469.0,41316.0,44.1,780.0,14197.0,30.5,23.1,42.0,True,26.064366887587436,0,40272,5661,6864,752,920,0
61,midday,49942.0,49942.0,33264.0,31.6,520.0,4610.0,33.8,20.7,42.0,True,9.230707620840175,0,45442,2593,1817,31,59,0
35,pm_rush,49722.0,49722.0,36223.0,38.1,620.0,6955.0,35.7,20.2,39.0,True,13.987772012388882,0,42909,2197,2492,817,1307,0
1,late_night,48620.0,48620.0,31191.0,36.2,720.0,5430.0,41.0,19.6,39.0,False,11.168243521184698,0,43204,962,2717,367,1370,0
109,pm_rush,47389.0,47389.0,38272.0,43.7,640.0,12231.0,31.4,22.7,42.0,True,25.809787081390198,0,35158,4793,5505,485,1448,0
35,late_night,47250.0,47250.0,30553.0,36.1,640.0,6354.0,42.8,21.6,39.0,False,13.447619047619048,0,41010,1299,3826,437,678,0
26,late_night,47182.0,47182.0,26905.0,29.1,460.0,2104.0,34.0,17.7,21.0,False,4.459327709719808,0,45096,314,434,282,1056,0
66,midday,46805.0,46805.0,30925.0,28.7,480.0,2185.0,33.3,20.1,26.0,True,4.6683046683046685,0,44843,1401,561,0,0,0
107,pm_rush,45766.0,45766.0,31807.0,34.7,460.0,5348.0,25.6,20.1,42.0,True,11.68553074334659,0,40418,2396,2630,106,216,0
26,pm_rush,44765.0,44765.0,31463.0,34.3,580.0,5115.0,41.7,20.7,26.0,True,11.426337540489222,0,39790,2156,1686,258,875,0
7,midday,44563.0,44563.0,29431.0,25.0,420.0,891.0,19.8,14.4,20.0,True,1.9994165563359738,0,43672,333,358,0,200,0
1,pm_rush,43243.0,43243.0,34483.0,40.4,620.0,9881.0,49.8,24.7,42.0,True,22.8499410309183,0,33647,3911,4834,258,593,0
10,midday,42098.0,42098.0,21641.0,28.0,460.0,2164.0,20.6,16.3,42.0,True,5.140386716708632,0,39934,662,1296,111,95,0
61,late_night,41329.0,41329.0,23134.0,32.7,500.0,3174.0,36.4,20.3,42.0,False,7.679837402308307,0,38187,1293,876,307,666,0
42,pm_rush,40858.0,40858.0,30858.0,36.8,600.0,6316.0,37.4,22.5,39.0,True,15.45841695628763,0,34731,2581,2457,128,961,0
51,midday,39837.0,39837.0,19008.0,25.3,440.0,840.0,21.8,19.0,42.0,True,2.1085925144965736,0,38997,439,377,24,0,0
2,pm_rush,39464.0,39464.0,33745.0,49.1,740.0,14095.0,44.8,25.2,42.0,True,35.71609568214068,0,25411,4530,7373,490,1660,0
101,pm_rush,39072.0,39072.0,31351.0,48.7,820.0,12092.0,35.1,24.3,42.0,True,30.947993447993447,0,26980,4073,5481,762,1776,0
109,late_night,38645.0,38645.0,26644.0,35.5,580.0,4946.0,26.8,19.9,42.0,False,12.798550912149048,0,33699,2532,1870,204,340,0
39,midday,38595.0,38595.0,20536.0,25.4,440.0,882.0,24.4,22.1,42.0,True,2.2852701127089,0,37713,485,375,6,16,0
3,pm_rush,38256.0,38256.0,29269.0,35.1,540.0,5145.0,25.3,19.6,42.0,True,13.448870765370138,0,33111,2873,2239,28,5,0
51,pm_rush,37750.0,37750.0,24024.0,35.9,580.0,4824.0,25.1,18.4,42.0,True,12.778807947019867,0,32926,1965,2228,154,477,0
38,midday,35980.0,35980.0,22495.0,28.6,420.0,1535.0,20.3,17.0,42.0,True,4.266259032795998,0,34445,1165,370,0,0,0
5,pm_rush,35849.0,35849.0,24915.0,34.4,480.0,3742.0,34.3,21.1,42.0,True,10.438227007726855,0,32311,1573,1463,165,337,0
57,pm_rush,35590.0,35590.0,22735.0,31.6,540.0,2708.0,21.9,18.8,42.0,True,7.6088788985670135,0,32882,1635,1029,14,30,0
44,midday,35256.0,35256.0,22853.0,37.4,640.0,5031.0,32.2,26.0,42.0,True,14.269911504424778,0,30225,2124,2335,137,435,0
61,pm_rush,34909.0,34909.0,25232.0,40.3,720.0,6190.0,38.3,23.2,42.0,True,17.73181700994013,0,28767,2210,2057,587,1288,0
39,pm_rush,34410.0,34410.0,24505.0,30.5,480.0,2635.0,25.5,19.5,42.0,True,7.657657657657658,0,31808,1395,1121,56,30,0
109,am_rush,33961.0,33961.0,23468.0,39.2,620.0,5801.0,26.3,20.3,42.0,False,17.08135802832661,0,28160,2328,3112,255,106,0
7,late_night,33762.0,33762.0,16682.0,23.6,320.0,144.0,17.6,14.4,20.0,False,0.42651501688288607,0,33618,92,52,0,0,0
57,midday,33743.0,33743.0,15385.0,22.5,272.0,119.0,15.3,12.7,20.0,True,0.352665738079009,0,33624,119,0,0,0,0
66,pm_rush,33728.0,33728.0,25199.0,33.2,540.0,4332.0,33.0,22.0,42.0,True,12.84392789373814,0,29517,2233,1786,40,152,0
13,midday,33554.0,33554.0,19105.0,25.5,420.0,722.0,20.3,16.8,20.0,True,2.1517553793884483,0,32832,346,331,10,35,0
35,am_rush,33022.0,33022.0,24290.0,30.1,360.0,2162.0,29.4,19.4,21.0,False,6.54715038459209,0,31052,1149,779,42,0,0
11,midday,32784.0,32784.0,20274.0,31.9,540.0,1967.0,28.0,26.4,42.0,True,5.999877989263055,0,30817,669,420,136,742,0
66,late_night,32510.0,32510.0,20299.0,27.2,480.0,1915.0,27.3,19.3,26.0,False,5.890495232236235,0,30647,1096,767,0,0,0
110,pm_rush,32191.0,32191.0,24895.0,45.8,760.0,9075.0,35.6,23.5,42.0,True,28.191109316268523,0,23116,3475,4209,231,1160,0
45,midday,31952.0,31952.0,19294.0,25.2,420.0,588.0,18.8,16.0,20.0,True,1.8402603905858788,0,31364,468,120,0,0,0
103,midday,31386.0,31386.0,22985.0,33.9,600.0,3520.0,30.9,21.6,42.0,True,11.215191486650099,0,27866,2284,1190,34,12,0
2,late_night,31350.0,31350.0,24912.0,49.1,900.0,7530.0,57.0,21.3,42.0,False,24.019138755980862,0,23828,2117,1896,588,2921,0
107,late_night,29881.0,29881.0,21053.0,27.8,440.0,1905.0,18.8,16.3,42.0,False,6.375288644958335,0,27976,1457,448,0,0,0
51,am_rush,29790.0,29790.0,17495.0,34.6,540.0,2952.0,23.2,19.7,42.0,False,9.909365558912386,0,26838,1593,1156,159,44,0
39,late_night,29430.0,29430.0,13451.0,23.1,280.0,95.0,18.0,14.5,20.0,False,0.32279986408426775,0,29335,95,0,0,0,0
101,late_night,29368.0,29368.0,20885.0,40.7,820.0,3916.0,35.1,19.0,42.0,False,13.334241351130482,0,25452,1435,1011,24,1446,0
26,am_rush,29240.0,29240.0,18199.0,30.1,440.0,1833.0,31.8,20.2,26.0,False,6.268809849521204,0,27537,1304,399,0,0,0
17,midday,29087.0,29087.0,15631.0,28.2,400.0,879.0,23.4,18.5,20.0,True,3.021968577027538,0,28208,633,246,0,0,0
3,late_night,29000.0,29000.0,19795.0,31.0,420.0,1913.0,23.9,18.5,42.0,False,6.596551724137931,0,27087,1144,739,30,0,0
45,pm_rush,28710.0,28710.0,22008.0,30.9,440.0,2223.0,21.8,17.9,42.0,True,7.74294670846395,0,26487,1232,991,0,0,0
103,pm_rush,28403.0,28403.0,21712.0,39.6,560.0,5940.0,31.2,24.1,42.0,True,20.913283808048444,0,22466,3278,2539,51,69,0
20,midday,28252.0,28252.0,20412.0,29.3,500.0,1294.0,29.4,18.0,42.0,True,4.580206711029308,0,26958,502,553,74,165,0
3,am_rush,28012.0,28012.0,20311.0,33.1,480.0,2444.0,23.0,19.0,42.0,False,8.724832214765101,0,25568,1316,1060,68,0,0
135,am_rush,27925.0,27925.0,15431.0,26.0,360.0,414.0,17.6,14.5,20.0,False,1.4825425246195165,0,27511,337,77,0,0,0
1,am_rush,27879.0,27879.0,21109.0,35.7,580.0,3721.0,30.4,20.1,42.0,False,13.346963664406902,0,24240,1481,1877,129,152,0
101,am_rush,27833.0,27833.0,21280.0,34.5,540.0,3484.0,24.7,19.5,42.0,False,12.517515179822514,0,24349,1309,1778,177,220,0
57,am_rush,27827.0,27827.0,17425.0,31.7,440.0,2010.0,23.8,18.3,42.0,False,7.223200488733964,0,25817,831,1017,16,146,0
9,midday,27790.0,27790.0,15221.0,27.0,380.0,496.0,19.1,15.3,20.0,True,1.7848146815401222,0,27294,340,156,0,0,0
23,midday,27684.0,27684.0,18730.0,27.4,440.0,943.0,20.2,17.3,42.0,True,3.406299667678081,0,26741,791,152,0,0,0
42,am_rush,27645.0,27645.0,21592.0,32.4,520.0,2571.0,35.6,20.3,26.0,False,9.30005425935974,0,25287,1419,893,14,32,0
7,pm_rush,27322.0,27322.0,17382.0,30.5,520.0,1130.0,34.1,16.5,20.0,True,4.135861210745919,0,26192,504,252,12,362,0
48,midday,27215.0,27215.0,17300.0,26.3,380.0,540.0,18.1,14.9,20.0,True,1.9841998897666728,0,26675,462,78,0,0,0
10,late_night,27095.0,27095.0,10243.0,25.7,392.0,856.0,20.2,17.7,42.0,False,3.159254474995387,0,26239,426,430,0,0,0
10,pm_rush,26877.0,26877.0,16679.0,31.8,460.0,1454.0,22.3,18.1,20.0,True,5.409829966142055,0,25423,733,225,0,496,0
135,pm_rush,26432.0,26432.0,14639.0,29.0,440.0,1402.0,20.5,17.4,42.0,True,5.3041767554479415,0,25030,1043,359,0,0,0
107,am_rush,25921.0,25921.0,21175.0,35.2,540.0,3794.0,24.6,21.6,42.0,False,14.636780988387793,0,22127,2511,1263,20,0,0
5,am_rush,25779.0,25779.0,17046.0,29.4,380.0,1374.0,29.1,19.3,21.0,False,5.329919702083091,0,24478,821,422,24,34,0
5,late_night,25259.0,25259.0,15295.0,29.3,380.0,1182.0,26.4,17.0,21.0,False,4.679520171028148,0,24101,520,290,318,30,0
126,pm_rush,25224.0,25224.0,21544.0,44.0,700.0,6869.0,29.5,22.4,42.0,True,27.23200126863305,0,18355,2201,3133,451,1084,0
38,pm_rush,24920.0,24920.0,18364.0,32.4,526.0,2349.0,22.7,17.8,42.0,True,9.426163723916533,0,22571,1213,1106,28,2,0
39,am_rush,24853.0,24853.0,16845.0,31.3,500.0,1989.0,25.0,18.7,42.0,False,8.003057980927856,0,22876,1062,815,44,56,0
110,late_night,24443.0,24443.0,17954.0,38.0,540.0,4746.0,29.8,25.8,42.0,False,19.41660189011169,0,19697,2074,2187,122,363,0
11,pm_rush,24198.0,24198.0,18777.0,34.6,500.0,3008.0,23.4,19.7,42.0,True,12.430779403256468,0,21190,1660,1316,2,30,0
2,am_rush,24006.0,24006.0,19666.0,43.2,760.0,5858.0,31.6,23.0,42.0,False,24.40223277513955,0,18149,1775,2328,673,1081,0
44,pm_rush,23653.0,23653.0,14986.0,30.4,500.0,1683.0,24.8,18.8,42.0,True,7.115376485012472,0,21970,545,982,24,132,0
13,pm_rush,23211.0,23211.0,15582.0,30.7,420.0,1549.0,24.9,20.0,42.0,True,6.673559950023695,0,21662,906,637,6,0,0
17,pm_rush,22626.0,22626.0,17442.0,32.9,500.0,2009.0,23.5,19.8,42.0,True,8.879165561743127,0,20617,1140,866,3,0,0
9,late_night,22456.0,22456.0,8818.0,24.5,360.0,114.0,16.8,13.8,20.0,False,0.507659422871393,0,22342,66,48,0,0,0
11,late_night,22341.0,22341.0,14472.0,37.9,640.0,3690.0,27.1,18.9,42.0,False,16.516718141533502,0,18651,849,2659,158,24,0
4,midday,22055.0,22055.0,8167.0,22.9,220.0,122.0,17.3,14.0,20.0,True,0.553162548175017,0,21933,66,56,0,0,0
18,pm_rush,22037.0,22037.0,16214.0,33.3,540.0,2629.0,32.3,20.1,26.0,True,11.929936016699187,0,19533,1324,1073,93,14,0
45,late_night,21750.0,21750.0,10136.0,25.2,360.0,92.0,17.4,14.2,20.0,False,0.42298850574712643,0,21658,86,6,0,0,0
38,late_night,21710.0,21710.0,9334.0,25.1,400.0,453.0,24.5,15.0,42.0,False,2.086596038691847,0,21257,30,423,0,0,0
13,late_night,21245.0,21245.0,8851.0,27.5,380.0,384.0,27.4,16.0,20.0,False,1.807484113909155,0,20861,6,282,22,74,0
66,am_rush,21150.0,21150.0,16425.0,33.1,440.0,2049.0,35.0,21.1,26.0,False,9.687943262411348,0,19226,908,819,101,96,0
103,late_night,20773.0,20773.0,13406.0,28.1,360.0,606.0,21.4,16.9,20.0,False,2.917248351225148,0,20167,408,182,6,10,0
110,am_rush,20721.0,20721.0,15266.0,31.6,520.0,2089.0,21.6,16.6,42.0,False,10.081559770281357,0,18632,764,748,260,317,0
6,midday,20680.0,20680.0,16800.0,43.1,864.0,4042.0,37.3,19.9,42.0,True,19.545454545454547,0,16638,1227,1133,170,1512,0
28,midday,20603.0,20603.0,16438.0,32.9,520.0,1971.0,24.7,20.3,42.0,True,9.566567975537543,0,18632,986,967,18,0,0
17,late_night,20063.0,20063.0,11081.0,29.6,360.0,568.0,20.2,16.8,20.0,False,2.831082091412052,0,19495,432,136,0,0,0
7,am_rush,20060.0,20060.0,14737.0,28.8,400.0,665.0,20.9,17.6,42.0,False,3.3150548354935196,0,19395,449,216,0,0,0
51,late_night,19868.0,19868.0,8647.0,24.0,340.0,128.0,16.5,14.0,20.0,False,0.6442520636198913,0,19740,120,8,0,0,0
45,am_rush,19733.0,19733.0,12256.0,27.5,360.0,991.0,18.8,15.4,20.0,False,5.022044291288704,0,18742,568,423,0,0,0
8,midday,19628.0,19628.0,12383.0,27.9,420.0,975.0,21.9,18.6,42.0,True,4.967393519461993,0,18653,597,378,0,0,0
29,midday,19434.0,19434.0,9993.0,24.1,360.0,312.0,26.0,20.4,20.0,True,1.6054337758567458,0,19122,132,180,0,0,0
61,am_rush,19218.0,19218.0,15353.0,40.2,580.0,3701.0,32.6,22.8,42.0,False,19.25798730356957,0,15579,1657,1844,138,0,0
53,midday,19134.0,19134.0,9493.0,26.3,440.0,624.0,20.0,17.2,42.0,True,3.2612104107870805,0,18510,358,250,16,0,0
10,am_rush,18866.0,18866.0,9990.0,28.3,360.0,579.0,19.3,14.5,20.0,False,3.0690130393300117,0,18287,173,231,37,138,0
44,am_rush,18454.0,18454.0,9268.0,31.3,540.0,1337.0,22.2,16.8,42.0,False,7.245041725371193,0,17117,385,725,0,227,0
103,am_rush,18388.0,18388.0,13573.0,42.1,620.0,4458.0,29.2,23.4,42.0,False,24.244072221013706,0,13954,2321,1945,132,36,0
13,am_rush,18336.0,18336.0,12021.0,28.1,480.0,1115.0,20.0,16.0,20.0,False,6.080933682373473,0,17221,518,543,6,48,0
48,pm_rush,18168.0,18168.0,9208.0,26.9,400.0,223.0,22.9,18.9,42.0,True,1.2274328489652135,0,17945,123,100,0,0,0
20,pm_rush,18106.0,18106.0,13585.0,26.4,420.0,202.0,26.1,14.7,20.0,True,1.1156522699657572,0,17904,116,0,0,86,0
9,pm_rush,18086.0,18086.0,11197.0,31.3,480.0,1284.0,28.7,22.8,42.0,True,7.099413911312618,0,16802,897,387,0,0,0
38,am_rush,18045.0,18045.0,12086.0,29.7,480.0,1303.0,20.0,16.9,42.0,False,7.220836796896648,0,16742,746,501,56,0,0
53,pm_rush,17929.0,17929.0,13060.0,35.2,560.0,2569.0,24.7,19.6,42.0,True,14.328741145629985,0,15360,1084,1263,90,132,0
11,am_rush,17546.0,17546.0,15345.0,36.8,580.0,3090.0,29.5,20.8,42.0,False,17.61085147611991,0,14456,1474,1386,82,148,0
126,midday,17216.0,17216.0,12808.0,42.2,860.0,3649.0,30.0,18.9,42.0,True,21.195399628252787,0,13567,535,1970,170,974,0
44,late_night,17169.0,17169.0,7497.0,28.3,440.0,588.0,21.3,16.9,20.0,False,3.42477721474751,0,16581,202,332,0,54,0
23,pm_rush,16994.0,16994.0,11422.0,29.3,440.0,1045.0,26.8,21.9,42.0,True,6.149229139696364,0,15949,620,425,0,0,0
18,am_rush,16814.0,16814.0,11418.0,27.0,360.0,423.0,34.1,19.8,21.0,False,2.5157606756274533,0,16435,379,0,0,0,0
20,late_night,15889.0,15889.0,8768.0,23.8,320.0,80.0,16.5,13.7,20.0,False,0.5034929825665555,0,15809,80,0,0,0,0
36,midday,15843.0,15843.0,10326.0,26.0,340.0,416.0,18.2,14.7,20.0,True,2.6257653222243262,0,15427,266,122,28,0,0
23,late_night,15804.0,15804.0,7112.0,26.8,360.0,322.0,20.4,17.8,42.0,False,2.037458871171855,0,15482,235,87,0,0,0
6,pm_rush,15707.0,15707.0,13811.0,40.5,680.0,3207.0,32.0,20.9,42.0,True,20.417648182339086,0,12500,1279,1052,44,832,0
126,am_rush,15686.0,15686.0,8953.0,38.4,860.0,1773.0,26.1,17.9,42.0,False,11.303072803774066,0,13913,454,366,74,879,0
4,pm_rush,15655.0,15655.0,7076.0,22.1,240.0,30.0,15.4,12.7,20.0,True,0.1916320664324497,0,15625,30,0,0,0,0
48,late_night,15579.0,15579.0,3319.0,26.0,260.0,0.0,22.9,18.1,20.0,False,0.0,0,15579,0,0,0,0,0
6,late_night,15461.0,15461.0,8468.0,49.3,804.0,1444.0,74.7,17.6,20.0,False,9.339628743289568,0,14017,212,42,0,1190,0
28,pm_rush,15264.0,15264.0,10603.0,33.6,480.0,1536.0,23.6,19.7,42.0,True,10.062893081761006,0,13728,994,542,0,0,0
46,midday,14990.0,14990.0,8519.0,25.4,360.0,269.0,19.9,15.7,20.0,True,1.7945296864576383,0,14721,122,147,0,0,0
9,am_rush,14475.0,14475.0,8032.0,25.7,360.0,261.0,19.0,15.9,20.0,False,1.8031088082901554,0,14214,201,60,0,0,0
48,am_rush,14205.0,14205.0,4899.0,23.8,280.0,170.0,16.5,13.8,20.0,False,1.196761703625484,0,14035,114,56,0,0,0
53,am_rush,14095.0,14095.0,9772.0,32.5,540.0,1476.0,22.4,18.6,42.0,False,10.471798510109968,0,12619,848,618,10,0,0
29,late_night,14056.0,14056.0,3440.0,21.1,260.0,0.0,15.4,12.6,20.0,False,0.0,0,14056,0,0,0,0,0
31,midday,13984.0,13984.0,3041.0,20.6,180.0,0.0,13.9,11.5,11.0,True,0.0,0,13984,0,0,0,0,0
70,pm_rush,12921.0,12921.0,7612.0,35.9,500.0,1694.0,25.3,21.1,42.0,True,13.11044036839254,0,11227,1125,569,0,0,0
35,off,12659.0,12659.0,3487.0,24.6,380.0,137.0,24.8,18.5,21.0,False,1.0822339837269928,0,12522,121,16,0,0,0
36,late_night,12650.0,12650.0,1635.0,20.0,180.0,0.0,13.0,10.8,11.0,False,0.0,0,12650,0,0,0,0,0
22,midday,12523.0,12523.0,6943.0,24.7,320.0,101.0,17.3,14.6,20.0,True,0.8065160105406053,0,12422,95,6,0,0,0
8,pm_rush,12497.0,12497.0,8464.0,36.2,600.0,1725.0,29.3,25.2,42.0,True,13.803312795070816,0,10772,442,897,118,268,0
20,am_rush,12456.0,12456.0,10562.0,31.7,500.0,1601.0,21.3,18.5,42.0,False,12.853243416827231,0,10855,973,628,0,0,0
1,off,12198.0,12198.0,5817.0,26.7,380.0,162.0,21.8,16.4,21.0,False,1.3280865715691097,0,12036,140,0,0,22,0
16,midday,12165.0,12165.0,4870.0,22.8,300.0,0.0,16.1,13.1,20.0,True,0.0,0,12165,0,0,0,0,0
28,late_night,12029.0,12029.0,6986.0,25.4,360.0,156.0,18.0,15.1,20.0,False,1.296865907390473,0,11873,134,22,0,0,0
31,pm_rush,11959.0,11959.0,4039.0,20.9,180.0,0.0,13.7,11.3,11.0,True,0.0,0,11959,0,0,0,0,0
17,am_rush,11921.0,11921.0,7312.0,26.9,360.0,372.0,19.6,16.6,20.0,False,3.120543578558846,0,11549,286,86,0,0,0
108,pm_rush,11899.0,11899.0,8370.0,41.5,580.0,2737.0,28.7,28.1,42.0,True,23.0019329355408,0,9162,994,1743,0,0,0
28,am_rush,11894.0,11894.0,8708.0,31.6,400.0,1037.0,23.0,19.2,42.0,False,8.718681688246175,0,10857,528,455,52,2,0
53,late_night,11759.0,11759.0,4993.0,23.1,300.0,123.0,16.8,14.6,20.0,False,1.0460073135470704,0,11636,91,32,0,0,0
31,late_night,11505.0,11505.0,677.0,20.0,180.0,0.0,13.0,10.8,11.0,False,0.0,0,11505,0,0,0,0,0
30,midday,11447.0,11447.0,3318.0,20.9,200.0,0.0,13.8,11.4,11.0,True,0.0,0,11447,0,0,0,0,0
29,pm_rush,11384.0,11384.0,5856.0,23.0,320.0,0.0,16.0,13.0,20.0,True,0.0,0,11384,0,0,0,0,0
23,am_rush,11370.0,11370.0,9776.0,28.7,360.0,447.0,19.1,15.9,20.0,False,3.9313984168865437,0,10923,411,36,0,0,0
46,late_night,11221.0,11221.0,2591.0,20.4,180.0,0.0,13.3,11.0,11.0,False,0.0,0,11221,0,0,0,0,0
8,am_rush,10902.0,10902.0,8762.0,32.2,480.0,1140.0,23.2,18.6,42.0,False,10.456796917996698,0,9762,440,562,62,76,0
15,late_night,10875.0,10875.0,1930.0,24.9,220.0,0.0,26.0,20.4,20.0,False,0.0,0,10875,0,0,0,0,0
7,off,10202.0,10202.0,5170.0,24.0,380.0,10.0,15.9,12.9,20.0,False,0.09801999607920016,0,10192,10,0,0,0,0
4,late_night,9974.0,9974.0,1924.0,22.7,220.0,0.0,19.3,15.5,20.0,False,0.0,0,9974,0,0,0,0,0
30,am_rush,9940.0,9940.0,3631.0,22.6,260.0,0.0,15.5,12.7,20.0,False,0.0,0,9940,0,0,0,0,0
108,am_rush,9709.0,9709.0,6096.0,38.4,480.0,1395.0,26.9,22.3,42.0,False,14.368112060974354,0,8314,743,652,0,0,0
29,am_rush,9667.0,9667.0,5403.0,22.3,280.0,12.0,15.0,12.5,20.0,False,0.12413365056377366,0,9655,12,0,0,0,0
57,off,9665.0,9665.0,4009.0,24.5,360.0,53.0,17.7,14.3,20.0,False,0.5483704086911536,0,9612,53,0,0,0,0
15,pm_rush,9492.0,9492.0,4656.0,23.2,220.0,0.0,18.0,14.5,20.0,True,0.0,0,9492,0,0,0,0,0
8,late_night,9469.0,9469.0,3914.0,21.2,180.0,18.0,14.5,12.0,11.0,False,0.19009399091773155,0,9451,18,0,0,0,0
18,midday,9449.0,9449.0,3835.0,22.0,240.0,0.0,25.7,18.6,21.0,True,0.0,0,9449,0,0,0,0,0
135,midday,9391.0,9391.0,4500.0,22.6,320.0,18.0,17.8,14.7,20.0,True,0.19167287828772228,0,9373,18,0,0,0,0
6,am_rush,9390.0,9390.0,7521.0,35.7,560.0,1199.0,27.3,17.5,20.0,False,12.768903088391907,0,8191,267,620,48,264,0
70,am_rush,9334.0,9334.0,6252.0,35.1,480.0,1266.0,24.7,22.9,42.0,False,13.56331690593529,0,8068,684,582,0,0,0
4,am_rush,9144.0,9144.0,3148.0,23.7,320.0,88.0,15.8,13.4,20.0,False,0.9623797025371829,0,9056,88,0,0,0,0
24,pm_rush,8921.0,8921.0,1874.0,20.5,180.0,0.0,13.9,11.5,11.0,True,0.0,0,8921,0,0,0,0,0
30,late_night,8869.0,8869.0,4213.0,24.7,340.0,84.0,18.6,15.6,20.0,False,0.9471191791633781,0,8785,84,0,0,0,0
42,off,8719.0,8719.0,5000.0,29.7,520.0,653.0,33.1,19.6,26.0,False,7.489390985204725,0,8088,277,346,0,8,0
46,pm_rush,8709.0,8709.0,4555.0,25.5,400.0,176.0,22.9,19.4,42.0,True,2.0208979216902057,0,8533,157,19,0,0,0
3,off,8701.0,8701.0,3348.0,22.8,380.0,0.0,15.6,12.8,20.0,False,0.0,0,8701,0,0,0,0,0
15,midday,8612.0,8612.0,2809.0,21.0,200.0,0.0,14.0,11.6,11.0,True,0.0,0,8612,0,0,0,0,0
24,am_rush,8456.0,8456.0,2416.0,21.3,180.0,0.0,14.3,11.7,11.0,False,0.0,0,8456,0,0,0,0,0
15,am_rush,8408.0,8408.0,4218.0,23.3,280.0,47.0,16.3,13.4,20.0,False,0.5589914367269267,0,8361,3,44,0,0,0
39,off,8081.0,8081.0,1934.0,30.2,420.0,201.0,25.4,21.8,42.0,False,2.4873159262467515,0,7880,132,69,0,0,0
5,off,8052.0,8052.0,2909.0,27.4,420.0,248.0,26.9,21.3,42.0,False,3.079980129160457,0,7812,128,112,0,0,0
36,pm_rush,7968.0,7968.0,3289.0,23.2,340.0,30.0,15.9,13.0,20.0,True,0.37650602409638556,0,7938,30,0,0,0,0
24,midday,7698.0,7698.0,995.0,21.4,260.0,4.0,15.7,12.8,20.0,True,0.051961548454143934,0,7694,4,0,0,0,0
31,am_rush,7571.0,7571.0,1055.0,20.0,180.0,0.0,13.0,10.8,11.0,False,0.0,0,7571,0,0,0,0,0
43,am_rush,7355.0,7355.0,2972.0,22.6,360.0,44.0,16.0,13.8,20.0,False,0.5982324949014276,0,7311,34,10,0,0,0
26,off,7194.0,7194.0,2383.0,22.2,300.0,0.0,22.7,16.6,21.0,False,0.0,0,7194,0,0,0,0,0
22,pm_rush,7174.0,7174.0,4301.0,28.5,460.0,392.0,25.8,23.1,42.0,True,5.464176191803736,0,6782,334,58,0,0,0
14,midday,7023.0,7023.0,1198.0,24.5,360.0,57.0,19.9,17.3,42.0,True,0.8116189662537378,0,6966,15,42,0,0,0
51,off,6903.0,6903.0,2683.0,29.1,420.0,260.0,22.0,16.4,20.0,False,3.766478342749529,0,6643,100,118,42,0,0
16,pm_rush,6895.0,6895.0,2890.0,34.1,420.0,547.0,27.5,22.8,42.0,True,7.933284989122552,0,6348,419,96,24,8,0
2,off,6879.0,6879.0,3068.0,22.7,280.0,8.0,16.9,13.8,20.0,False,0.11629597325192616,0,6871,8,0,0,0,0
68,midday,6854.0,6854.0,3155.0,21.0,220.0,0.0,14.9,12.2,20.0,True,0.0,0,6854,0,0,0,0,0
22,late_night,6761.0,6761.0,3521.0,22.4,300.0,8.0,15.9,13.0,20.0,False,0.1183256914657595,0,6753,8,0,0,0,0
109,off,6759.0,6759.0,2833.0,23.5,360.0,0.0,18.3,14.7,20.0,False,0.0,0,6759,0,0,0,0,0
90,midday,6554.0,6554.0,1051.0,22.0,240.0,0.0,15.0,12.3,20.0,True,0.0,0,6554,0,0,0,0,0
36,am_rush,6514.0,6514.0,4849.0,26.2,360.0,320.0,17.7,15.1,20.0,False,4.912496162112373,0,6194,154,166,0,0,0
10,off,6472.0,6472.0,904.0,20.5,180.0,0.0,14.0,11.5,11.0,False,0.0,0,6472,0,0,0,0,0
49,am_rush,6423.0,6423.0,2781.0,24.8,300.0,0.0,17.8,14.4,20.0,False,0.0,0,6423,0,0,0,0,0
14,am_rush,6396.0,6396.0,1867.0,21.8,220.0,12.0,14.9,12.2,20.0,False,0.18761726078799248,0,6384,12,0,0,0,0
90,pm_rush,6380.0,6380.0,2264.0,22.9,360.0,68.0,24.3,18.4,42.0,True,1.0658307210031348,0,6312,52,16,0,0,0
30,pm_rush,6380.0,6380.0,4369.0,28.9,340.0,267.0,21.1,17.8,20.0,True,4.184952978056426,0,6113,205,62,0,0,0
61,off,6351.0,6351.0,3092.0,31.0,400.0,171.0,33.0,17.0,21.0,False,2.69248937175248,0,6180,125,0,0,46,0
101,off,6344.0,6344.0,2180.0,21.7,220.0,12.0,14.9,12.5,20.0,False,0.18915510718789408,0,6332,12,0,0,0,0
14,pm_rush,6247.0,6247.0,2549.0,22.0,200.0,78.0,15.3,12.6,20.0,True,1.248599327677285,0,6169,62,16,0,0,0
13,off,6141.0,6141.0,1069.0,20.0,200.0,0.0,13.0,10.8,11.0,False,0.0,0,6141,0,0,0,0,0
11,off,6061.0,6061.0,3522.0,37.1,540.0,1108.0,25.3,24.0,42.0,False,18.28081174723643,0,4953,666,442,0,0,0
57,late_night,6043.0,6043.0,4095.0,26.2,360.0,40.0,19.4,15.6,20.0,False,0.6619228859837829,0,6003,40,0,0,0,0
16,am_rush,5822.0,5822.0,2761.0,25.0,360.0,85.0,17.1,14.3,20.0,False,1.4599793885262797,0,5737,69,16,0,0,0
43,pm_rush,5802.0,5802.0,4166.0,25.3,340.0,88.0,19.8,16.5,20.0,True,1.5167183729748364,0,5714,56,32,0,0,0
46,am_rush,5638.0,5638.0,3212.0,29.7,440.0,354.0,21.7,16.2,20.0,False,6.278822277403335,0,5284,135,181,8,30,0
66,off,5580.0,5580.0,2317.0,25.3,360.0,30.0,27.9,17.8,21.0,False,0.5376344086021505,0,5550,30,0,0,0,0
49,midday,5578.0,5578.0,783.0,21.9,220.0,26.0,16.6,14.4,20.0,True,0.4661168877733955,0,5552,26,0,0,0,0
9,off,5519.0,5519.0,565.0,20.0,180.0,0.0,13.0,10.8,11.0,False,0.0,0,5519,0,0,0,0,0
22,am_rush,5507.0,5507.0,4397.0,26.4,360.0,80.0,18.2,15.1,20.0,False,1.452696568004358,0,5427,80,0,0,0,0
49,pm_rush,5495.0,5495.0,2000.0,28.0,340.0,56.0,19.0,15.8,20.0,True,1.019108280254777,0,5439,56,0,0,0,0
90,am_rush,5484.0,5484.0,1224.0,20.3,180.0,0.0,13.6,11.3,11.0,False,0.0,0,5484,0,0,0,0,0
71,pm_rush,5472.0,5472.0,3129.0,33.8,440.0,401.0,23.4,20.1,42.0,True,7.328216374269005,0,5071,401,0,0,0,0
107,off,5458.0,5458.0,2830.0,28.1,380.0,53.0,21.1,18.3,42.0,False,0.971051667277391,0,5405,53,0,0,0,0
16,late_night,5422.0,5422.0,1823.0,43.7,660.0,540.0,39.0,11.1,11.0,False,9.959424566580598,0,4882,0,168,26,346,0
68,late_night,5359.0,5359.0,1597.0,21.4,200.0,0.0,15.2,12.4,20.0,False,0.0,0,5359,0,0,0,0,0
45,off,5202.0,5202.0,1166.0,20.1,180.0,0.0,13.4,11.1,11.0,False,0.0,0,5202,0,0,0,0,0
43,midday,5113.0,5113.0,2453.0,20.1,200.0,0.0,13.3,11.1,11.0,True,0.0,0,5113,0,0,0,0,0
23,off,4995.0,4995.0,2240.0,20.2,200.0,0.0,13.2,10.9,11.0,False,0.0,0,4995,0,0,0,0,0
103,off,4931.0,4931.0,2828.0,31.4,420.0,188.0,23.1,19.6,42.0,False,3.812614074224295,0,4743,160,28,0,0,0
90,late_night,4886.0,4886.0,912.0,20.0,180.0,0.0,13.0,10.8,11.0,False,0.0,0,4886,0,0,0,0,0
38,off,4775.0,4775.0,1761.0,20.3,180.0,0.0,13.7,11.3,11.0,False,0.0,0,4775,0,0,0,0,0
20,off,4662.0,4662.0,1065.0,20.0,180.0,0.0,13.0,10.8,11.0,False,0.0,0,4662,0,0,0,0,0
70,midday,4626.0,4626.0,2705.0,30.0,440.0,226.0,22.5,20.7,42.0,True,4.885430177258971,0,4400,156,70,0,0,0
18,off,4324.0,4324.0,1750.0,23.5,340.0,12.0,27.1,18.8,21.0,False,0.27752081406105455,0,4324,0,0,0,0,0
44,off,4302.0,4302.0,367.0,20.0,180.0,0.0,13.0,10.8,11.0,False,0.0,0,4302,0,0,0,0,0
17,off,4131.0,4131.0,1488.0,21.2,204.0,0.0,14.3,11.8,17.0,False,0.0,0,4131,0,0,0,0,0
68,pm_rush,4100.0,4100.0,2124.0,20.9,200.0,0.0,14.7,12.0,20.0,True,0.0,0,4100,0,0,0,0,0
110,off,4058.0,4058.0,1905.0,21.8,220.0,0.0,17.4,14.0,20.0,False,0.0,0,4058,0,0,0,0,0
14,late_night,4044.0,4044.0,1112.0,26.2,220.0,0.0,24.0,18.9,20.0,False,0.0,0,4044,0,0,0,0,0
53,off,3968.0,3968.0,1838.0,31.0,540.0,282.0,21.2,17.9,42.0,False,7.106854838709677,0,3686,158,124,0,0,0
29,off,3690.0,3690.0,107.0,20.0,60.0,0.0,13.0,10.8,11.0,False,0.0,0,3690,0,0,0,0,0
108,midday,3672.0,3672.0,2768.0,36.9,780.0,611.0,26.3,19.5,42.0,True,16.639433551198255,0,3061,219,392,0,0,0
126,late_night,3671.0,3671.0,3162.0,47.7,780.0,1348.0,36.4,26.2,42.0,False,36.720239716698444,0,2323,512,541,255,40,0
18,late_night,3621.0,3621.0,1955.0,22.8,340.0,0.0,22.3,18.1,20.0,False,0.0,0,3621,0,0,0,0,0
108,late_night,3575.0,3575.0,2233.0,26.8,360.0,16.0,19.4,15.9,20.0,False,0.44755244755244755,0,3559,16,0,0,0,0
28,off,3416.0,3416.0,889.0,20.0,180.0,0.0,13.0,10.8,11.0,False,0.0,0,3416,0,0,0,0,0
6,off,3234.0,3234.0,939.0,21.1,220.0,0.0,16.1,13.1,20.0,False,0.0,0,3234,0,0,0,0,0
74,pm_rush,3190.0,3190.0,1392.0,21.2,184.0,0.0,14.5,11.9,20.0,False,0.0,0,3190,0,0,0,0,0
71,am_rush,3149.0,3149.0,2167.0,41.6,520.0,700.0,29.6,28.7,42.0,False,22.229279136233725,0,2449,614,86,0,0,0
4,off,3059.0,3059.0,388.0,22.5,260.0,0.0,17.3,14.0,20.0,False,0.0,0,3059,0,0,0,0,0
48,off,2984.0,2984.0,103.0,20.0,100.0,0.0,13.0,10.8,11.0,False,0.0,0,2984,0,0,0,0,0
73,pm_rush,2978.0,2978.0,1316.0,20.3,180.0,0.0,13.7,11.3,11.0,True,0.0,0,2978,0,0,0,0,0
73,am_rush,2819.0,2819.0,533.0,20.0,180.0,0.0,13.0,10.8,11.0,False,0.0,0,2819,0,0,0,0,0
74,am_rush,2819.0,2819.0,655.0,20.9,180.0,0.0,13.9,11.5,11.0,False,0.0,0,2819,0,0,0,0,0
25,am_rush,2808.0,2808.0,56.0,20.0,120.0,0.0,13.0,10.8,11.0,False,0.0,0,2808,0,0,0,0,0
31,off,2764.0,2764.0,0.0,,,0.0,,,,False,0.0,0,2764,0,0,0,0,0
74,midday,2605.0,2605.0,788.0,20.0,160.0,0.0,13.0,10.8,11.0,False,0.0,0,2605,0,0,0,0,0
68,am_rush,2564.0,2564.0,1480.0,22.0,260.0,0.0,15.4,12.6,20.0,False,0.0,0,2564,0,0,0,0,0
25,pm_rush,2557.0,2557.0,40.0,20.0,80.0,0.0,13.0,10.8,11.0,False,0.0,0,2557,0,0,0,0,0
24,off,2553.0,2553.0,449.0,20.6,180.0,0.0,13.8,11.4,11.0,False,0.0,0,2553,0,0,0,0,0
8,off,2411.0,2411.0,797.0,20.0,180.0,0.0,13.0,10.8,11.0,False,0.0,0,2411,0,0,0,0,0
14,off,2370.0,2370.0,0.0,,,0.0,,,,False,0.0,0,2370,0,0,0,0,0
46,off,2336.0,2336.0,299.0,20.0,180.0,0.0,13.0,10.8,11.0,False,0.0,0,2336,0,0,0,0,0
108,off,2314.0,2314.0,783.0,20.0,180.0,0.0,13.0,10.8,11.0,False,0.0,0,2314,0,0,0,0,0
43,off,2262.0,2262.0,30.0,20.0,20.0,0.0,13.0,10.8,11.0,False,0.0,0,2262,0,0,0,0,0
30,off,2184.0,2184.0,529.0,20.0,180.0,0.0,13.0,10.8,11.0,False,0.0,0,2184,0,0,0,0,0
43,late_night,2085.0,2085.0,514.0,20.0,180.0,0.0,13.0,10.8,11.0,False,0.0,0,2085,0,0,0,0,0
302,midday,2018.0,2018.0,936.0,35.5,500.0,143.0,25.6,20.0,42.0,True,7.086223984142715,0,1875,52,71,20,0,0
90,off,2016.0,2016.0,24.0,20.0,80.0,0.0,13.0,10.8,11.0,False,0.0,0,2016,0,0,0,0,0
15,off,2011.0,2011.0,276.0,20.0,180.0,0.0,13.0,10.8,11.0,False,0.0,0,2011,0,0,0,0,0
25,midday,1907.0,1907.0,8.0,20.0,40.0,0.0,13.0,10.8,11.0,False,0.0,0,1907,0,0,0,0,0
321,midday,1670.0,1670.0,882.0,47.3,580.0,263.0,33.2,25.9,42.0,True,15.748502994011975,0,1407,90,173,0,0,0
74,late_night,1635.0,1635.0,798.0,20.0,160.0,0.0,13.0,10.8,11.0,False,0.0,0,1635,0,0,0,0,0
135,off,1563.0,1563.0,0.0,,,0.0,,,,False,0.0,0,1563,0,0,0,0,0
321,am_rush,1556.0,1556.0,715.0,34.7,460.0,137.0,24.8,22.4,42.0,False,8.804627249357326,0,1419,47,90,0,0,0
307,am_rush,1404.0,1404.0,357.0,54.1,580.0,189.0,40.2,36.2,42.0,False,13.461538461538462,0,1215,14,175,0,0,0
22,off,1383.0,1383.0,791.0,26.7,360.0,37.0,18.3,14.8,20.0,False,2.6753434562545193,0,1346,37,0,0,0,0
315,pm_rush,1208.0,1208.0,498.0,29.8,440.0,69.0,26.5,21.3,42.0,True,5.711920529801325,0,1139,28,41,0,0,0
73,midday,1170.0,1170.0,205.0,20.0,140.0,0.0,13.0,10.8,11.0,True,0.0,0,1170,0,0,0,0,0
49,late_night,1166.0,1166.0,328.0,20.0,100.0,0.0,13.0,10.8,11.0,False,0.0,0,1166,0,0,0,0,0
16,off,1153.0,1153.0,671.0,29.5,440.0,62.0,21.0,18.3,42.0,False,5.377276669557675,0,1091,48,14,0,0,0
36,off,1147.0,1147.0,247.0,20.0,180.0,0.0,13.0,10.8,11.0,False,0.0,0,1147,0,0,0,0,0
68,off,992.0,992.0,153.0,20.0,180.0,0.0,13.0,10.8,11.0,False,0.0,0,992,0,0,0,0,0
74,off,814.0,814.0,0.0,,,0.0,,,,False,0.0,0,814,0,0,0,0,0
313,am_rush,801.0,801.0,340.0,40.8,340.0,79.0,33.8,33.1,42.0,False,9.86267166042447,0,722,43,36,0,0,0
321,pm_rush,729.0,729.0,289.0,51.0,620.0,151.0,52.5,24.5,42.0,True,20.713305898491083,0,578,47,78,14,12,0
70,off,726.0,726.0,142.0,20.0,40.0,0.0,13.0,10.8,11.0,False,0.0,0,726,0,0,0,0,0
307,midday,672.0,672.0,265.0,39.0,380.0,49.0,34.2,33.8,42.0,True,7.291666666666667,0,623,49,0,0,0,0
306,midday,669.0,669.0,176.0,28.8,280.0,0.0,20.1,16.1,20.0,True,0.0,0,669,0,0,0,0,0
314,pm_rush,615.0,615.0,166.0,32.9,340.0,7.0,29.6,27.5,42.0,True,1.1382113821138211,0,608,7,0,0,0,0
305,am_rush,603.0,603.0,0.0,,,0.0,,,,False,0.0,0,603,0,0,0,0,0
315,am_rush,592.0,592.0,274.0,42.4,360.0,112.0,30.5,28.9,42.0,False,18.91891891891892,0,480,112,0,0,0,0
305,midday,580.0,580.0,534.0,33.3,340.0,126.0,39.0,41.5,42.0,True,21.724137931034484,0,454,120,6,0,0,0
312,am_rush,571.0,571.0,98.0,27.4,180.0,0.0,21.4,17.0,20.0,False,0.0,0,571,0,0,0,0,0
49,off,501.0,501.0,0.0,,,0.0,,,,False,0.0,0,501,0,0,0,0,0
304,am_rush,492.0,492.0,131.0,47.3,380.0,65.0,33.9,34.6,42.0,False,13.211382113821138,0,427,57,8,0,0,0
25,off,454.0,454.0,0.0,,,0.0,,,,False,0.0,0,454,0,0,0,0,0
314,am_rush,447.0,447.0,137.0,37.3,280.0,0.0,24.6,19.3,20.0,False,0.0,0,447,0,0,0,0,0
313,midday,438.0,438.0,318.0,70.2,680.0,255.0,52.6,36.6,42.0,True,58.21917808219178,0,183,96,125,6,28,0
73,off,398.0,398.0,62.0,20.0,160.0,0.0,13.0,10.8,11.0,False,0.0,0,398,0,0,0,0,0
305,pm_rush,331.0,331.0,302.0,39.1,340.0,50.0,39.0,41.5,42.0,True,15.105740181268882,0,281,50,0,0,0,0
70,late_night,314.0,314.0,314.0,22.1,220.0,0.0,21.3,16.9,20.0,False,0.0,0,314,0,0,0,0,0
312,pm_rush,312.0,312.0,200.0,30.0,300.0,19.0,33.3,32.2,42.0,True,6.089743589743589,0,293,13,6,0,0,0
73,late_night,288.0,288.0,0.0,,,0.0,,,,False,0.0,0,288,0,0,0,0,0
312,midday,224.0,224.0,57.0,43.2,220.0,9.0,39.0,41.5,42.0,True,4.017857142857143,0,215,9,0,0,0,0
313,pm_rush,214.0,214.0,186.0,56.2,460.0,125.0,44.6,33.7,42.0,True,58.41121495327103,0,89,15,110,0,0,0
307,pm_rush,183.0,183.0,0.0,,,0.0,,,,False,0.0,0,183,0,0,0,0,0
135,late_night,50.0,50.0,0.0,,,0.0,,,,False,0.0,0,50,0,0,0,0,0
71,midday,50.0,50.0,50.0,20.0,40.0,0.0,13.0,10.8,11.0,False,0.0,0,50,0,0,0,0,0
315,midday,48.0,48.0,0.0,,,0.0,,,,False,0.0,0,48,0,0,0,0,0
306,pm_rush,44.0,44.0,0.0,,,0.0,,,,False,0.0,0,44,0,0,0,0,0
302,pm_rush,41.0,41.0,0.0,,,0.0,,,,False,0.0,0,41,0,0,0,0,0
314,midday,12.0,12.0,0.0,,,0.0,,,,False,0.0,0,12,0,0,0,0,0
24,late_night,6.0,6.0,0.0,,,0.0,,,,False,0.0,0,6,0,0,0,0,0
